id,iso2,title,url,published_at
1,RW,혜초여행사 석채언 대표 '2025 서울관광인 대상' 수상,https://blog.naver.com/designmmt/224114449875,2025-12-18 00:00:00+09
2,RW,[나는 어쩌다가] 르완다에 가게 되었는가 - Ep.4 파견 전 준비 (2),https://blog.naver.com/ryanclutchtimeruler/224114215979,2025-12-18 00:00:00+09
3,RW,"르완다 한달살기, 키갈리에서의 일상 : 재밌게 살고싶다.",https://blog.naver.com/hi60s/224113679603,2025-12-18 00:00:00+09
4,RW,클로드 국제정치학 2025. 7월,https://blog.naver.com/lovepeace_123/224113358898,2025-12-17 00:00:00+09
5,RW,전북고창가볼만한곳 아프리카 감성 낭낭한 땡스덕베르베르,https://blog.naver.com/time518/224113209948,2025-12-17 00:00:00+09
6,QA,개구리 어류 공생균 신생아 영아 미숙아 뇌수막염 면역 결핍자... ,https://blog.naver.com/skrmsp24/224114817890,2025-12-19 00:00:00+09
7,QA,어린이 세균성 척추디스크염 골수염 균혈증 심내막염 패혈성... ,https://blog.naver.com/skrmsp24/224114769709,2025-12-18 00:00:00+09
8,QA,미국인 여성 세균학자 미생물학자 이자 엘리자베스킹기아속... ,https://blog.naver.com/skrmsp24/224114710077,2025-12-18 00:00:00+09
9,QA,아시아유심 10일 6GB 포근한 연결,https://blog.naver.com/6fmcgycu/224114695836,2025-12-18 00:00:00+09
10,QA,"크루즈여행 , 인천 부산 출발 크루즈여행",https://blog.naver.com/oh1012001_/224114649201,2025-12-18 00:00:00+09
11,BW,아프리카를 가르치는 혁신적인 연동 기술,https://blog.naver.com/yyelyvfa927y/224114498591,2025-12-18 00:00:00+09
12,BW,누군가를 위한 시간,https://blog.naver.com/seolae929/224114022104,2025-12-18 00:00:00+09
13,BW,[아프리카 트럭킹 12일차] 트럭 타고 사파리 게임 드라이빙... ,https://blog.naver.com/kangji5045/224113717016,2025-12-18 00:00:00+09
14,BW,지리마블 아프리카 :: 활기가 넘치는 알록달록한 아프리카,https://blog.naver.com/yolee1010/224113540349,2025-12-17 00:00:00+09
15,BW,"매력이 가득한 아프리카로 여행을 떠나 |  교양 도서, 지리 도서",https://blog.naver.com/lumdi_/224112743932,2025-12-17 00:00:00+09
16,JP,klook 12월 신규 할인코드 정리,https://blog.naver.com/blendtour/224114837170,2025-12-19 00:00:00+09
17,JP,오사카 교토 온천 추천: 당일치기 온천 &amp; 숙박 료칸 입장료 정리,https://blog.naver.com/injeolmi-/224114820389,2025-12-19 00:00:00+09
18,JP,직장인 연차 없이 금토일 해외여행 완벽 가이드: 주말 꿀팁... ,https://blog.naver.com/1ife_hack/224114792196,2025-12-18 00:00:00+09
19,JP,오사카 항공권 예약 완벽 가이드: 최저가 항공권 찾는 방법,https://blog.naver.com/brandconnect369/224114737548,2025-12-18 00:00:00+09
20,JP,기코망 (2801) 멈추지 않는 일식의 세계화,https://blog.naver.com/kingspainter/224114712194,2025-12-18 00:00:00+09
21,LA,어쩌다 극성수기에 떠나는 뉴질랜드 가족여행 20일 일정... ,https://blog.naver.com/mumin113/224114767394,2025-12-18 00:00:00+09
22,LA,아시아 여행 갤러리 아시아 각국의 문화와 풍경 소개,https://blog.naver.com/xhkislxk566/224110926661,2025-12-18 00:00:00+09
23,IL,세균성 치성 감염 부비동염 치수 치주 감염 유양 돌기염 소... ,https://blog.naver.com/skrmsp24/224114645027,2025-12-18 00:00:00+09
24,LV,라트비아 관광지 유라말라(Jurmala)에서 만나는 최고의... ,https://blog.naver.com/sbell8888/224114853469,2025-12-19 00:00:00+09
25,LV,"라트비아 교환학생 기록지 107일차_여행의 본진, 이탈리아(4)... ",https://blog.naver.com/e_hyohyo/224114753893,2025-12-18 00:00:00+09
26,FR,유럽여행 준비물 유심사 이심 esim 이용후기 할인 예매 유심... ,https://blog.naver.com/tjddpwl96/224114858508,2025-12-19 00:00:00+09
27,FR,04. 9월(2),https://blog.naver.com/sye_zip/224114841126,2025-12-19 00:00:00+09
28,FR,프랑스 여행 코스 에펠탑 파리여행 비용 feat 두레블,https://blog.naver.com/queen77577/224114794477,2025-12-18 00:00:00+09
29,FR,"요즘 저는 유럽 여행 준비 중이에요 (투어, 필수템 공유)",https://blog.naver.com/yany251209/224114711731,2025-12-18 00:00:00+09
30,FR,백수의 리마 여행,https://blog.naver.com/m1na1ee/224114629289,2025-12-18 00:00:00+09
31,XK,인류 역사상 최초 생물학적 무기로 사용했던 프란시셀라... ,https://blog.naver.com/skrmsp24/224112386026,2025-12-17 00:00:00+09
32,XK,[이것저것 끄적끄적] 위험에서 도피한 썰 1탄 (feat. 동정은... ,https://blog.naver.com/kim10107/224109943685,2025-12-15 00:00:00+09
33,XK,"남유럽 인파 피해서 ‘찐... 먹고, 마시고, 걷는 여행",https://blog.naver.com/kyoung700530/224109489350,2025-12-14 00:00:00+09
34,XK,"글로벌 와이파이 유럽여행 스페인,포르투 e-sim 추천 월드이심",https://blog.naver.com/lkm9292/224108726550,2025-12-13 00:00:00+09
35,XK,BBC 기자들이 선정한 2026년 최고의 여행지 3,https://blog.naver.com/rikar01/224107134953,2025-12-12 00:00:00+09
36,CH,마이리얼트립 12월 할인쿠폰 티켓투어 프로모션 정리,https://blog.naver.com/hellotoday31/224114854535,2025-12-19 00:00:00+09
37,CH,프라하 호텔 추천 숙소 가성비 위치 그란디움 호텔 크리스마스... ,https://blog.naver.com/hoff_/224114839263,2025-12-19 00:00:00+09
38,CH,로마한식당 테르미니역 맛집 찌개 오징어볶음 비빔밥 후기... ,https://blog.naver.com/si_ona/224114834339,2025-12-19 00:00:00+09
39,CH,바이런의 책-차일드 해롤드의 순례-자고 나니 유명해졌다,https://blog.naver.com/nadri97/224114828398,2025-12-19 00:00:00+09
40,KN,"카리브해 크루즈 여행 4: 기항일, 세인트 키츠 네비스 St.... ",https://blog.naver.com/june0696/224076373386,2025-12-17 00:00:00+09
41,KN,[해외 파견]2026년 상반기 세종학당 국외 파견 한국어 교원... ,https://blog.naver.com/yomyom28/224105763037,2025-12-11 00:00:00+09
42,KN,"집모기속,빨간집모기속 정보 입니다",https://blog.naver.com/skrmsp24/224087694417,2025-11-25 00:00:00+09
43,KN,프리스타일 동부 카리브해 크루즈 총 비용은,https://blog.naver.com/jamieincanada16/224039317988,2025-10-13 00:00:00+09
44,KN,2056.[MPI]Rising Migration in Latin America and the... ,https://blog.naver.com/kwspeace/224033342136,2025-10-06 00:00:00+09
45,BO,대장균을 최초로 발견한 걸로 전세계적으로 유명하고 널리... ,https://blog.naver.com/skrmsp24/224114611800,2025-12-18 00:00:00+09
46,LR,아프리카의 크리스마스 풍경,https://blog.naver.com/africanmuse/224110601342,2025-12-15 00:00:00+09
47,LR,터커 칼슨 쇼: 미국은 왜 가자지구에서의 대량 학살을 옹호하는가?,https://blog.naver.com/jayson879/224106368895,2025-12-11 00:00:00+09
48,LR,토고 로메 국제공항 스타얼라이언스 스얼 에티오피아 항공 라운지,https://blog.naver.com/victoria_in_theworld/224105582954,2025-12-11 00:00:00+09
49,MH,광양 가볼 만한 곳 전남도립미술관 마나 모아나 전시... ,https://blog.naver.com/parksb44/224103492673,2025-12-09 00:00:00+09
50,MH,오세아니아 대륙의 섬나라... 바누아투 피지 뉴질랜드 솔로몬제도,https://blog.naver.com/jellaby__me/224093166292,2025-12-03 00:00:00+09
51,MH,"책인가, 여행 잡지인가.... 세계 자연.문화.시사 여행(1) 리뷰)",https://blog.naver.com/lee_rhu/224089391721,2025-11-27 00:00:00+09
52,MH,"인도-태평양, 장기판 위의 포석, 한국의 전략적 선택은?... ",https://blog.naver.com/daisyparkkorea/224080852118,2025-11-19 00:00:00+09
53,MH,ㄱ,https://blog.naver.com/goandsee7/224073784939,2025-11-12 00:00:00+09
54,GB,독일 그라이프스발트 교환학생의 요리 일기-한식 편(2),https://blog.naver.com/jw022122/224114869422,2025-12-19 00:00:00+09
55,GB,"영국 (에든버러, 런던) 여행 10일차 - 버로우마켓, 노팅힐... ",https://blog.naver.com/daily_soomni/224114859950,2025-12-19 00:00:00+09
56,GB,전통의 조화 ️ 말레이시아 쿠알라룸푸르 4박 6일 여행 코스,https://blog.naver.com/mercybase/224114848614,2025-12-19 00:00:00+09
57,GB,"주요기사와 인문학 ( 2025. 12. 19, 금 )",https://blog.naver.com/ybea12/224114394176,2025-12-19 00:00:00+09
58,GB,2025년 11월 간호학과 월(月)기/남자친구랑 시작해서 정병으로... ,https://blog.naver.com/ducod/224114846836,2025-12-19 00:00:00+09
59,AM,"코카서스 아르메니아의 매력, 아라랏산의 비애",https://blog.naver.com/love-respect/224110859342,2025-12-15 00:00:00+09
60,AM,코카서스 3국 여행 코스 추천 아제르바이잔 아르메니아 조지아,https://blog.naver.com/rapatrip/224089482541,2025-11-27 00:00:00+09
61,AM,"아르메니아 여행 - 가르니 주상절리, 가르니 신전, 세르게이의... ",https://blog.naver.com/rbdi7324/224089310738,2025-11-26 00:00:00+09
62,AM,"아르메니아 여행 - 카르반사라 리조트, 이제반 와인 팩토리... ",https://blog.naver.com/rbdi7324/224089093226,2025-11-26 00:00:00+09
63,AM,코카서스 여행이야기 -12- 아르메니아 여행 이야기 -5-예레반... ,https://blog.naver.com/hwany6004/224081520944,2025-11-19 00:00:00+09
64,PH,한국크루즈여행 추천 2026년 베스트 5선,https://kyla104.tistory.com/295,2025-12-19 00:00:00+09
65,PH,"마카오 - 카카오페이 알리페이 연동 및 사용방법, 포켓와이파이... ",https://blog.naver.com/miiraaii/224114853930,2025-12-19 00:00:00+09
66,PH,"동남아 겨울여행 준비 끝판왕: 5시간 비행시간, 건기 날씨... ",https://blog.naver.com/pch67078/224114836771,2025-12-19 00:00:00+09
67,PH,2025년 초보자를 위한 해외여행 저렴한 곳 7선,https://dwqn.tistory.com/262,2025-12-19 00:00:00+09
68,BT,삼겹살 사피엔스  잃어버린 '버크셔의 맛'을 찾는 한국인의... ,https://blog.naver.com/brandkim/224113955509,2025-12-18 00:00:00+09
69,BT,2025.12.18. 목(음 10.29) 헤드라인 뉴스,https://blog.naver.com/2aksy/224113925732,2025-12-18 00:00:00+09
70,BT,지구상 각 문명권 국가들의 거주지 특징들,https://blog.naver.com/worldhistory01/224112916965,2025-12-17 00:00:00+09
71,BT,[인도-뉴스] 2026년 IPL 선수 드래프트: 2520만 루피 투자... ,https://blog.naver.com/kangyeou/224112189080,2025-12-16 00:00:00+09
72,BT,"부킹닷컴 추천, 2026 월별 추천 여행지 로 떠나는 12개월의... ",https://blog.naver.com/media-on-2/224110417519,2025-12-16 00:00:00+09
73,MZ,브랜든빅스 친밀함이 모든 것의 기초이다,https://blog.naver.com/haisujjang/224114638232,2025-12-18 00:00:00+09
74,MZ,브랜든 2025.12.18 공격에 맞서는 기도,https://blog.naver.com/lightper/224114332750,2025-12-18 00:00:00+09
75,MZ,국제운전면허증 신청 모바일면허증으로 가능할까? 영문면허증... ,https://blog.naver.com/soliflorer/224114177306,2025-12-18 00:00:00+09
76,IT,[시칠리아 신혼여행] 트라파니에서 파비냐나 (리버티 라인 페리... ,https://blog.naver.com/olzrolzrv/224114831875,2025-12-19 00:00:00+09
77,IT,이탈리아 7박 9일 여행 준비 #2,https://blog.naver.com/ssu_ssu__/224114817168,2025-12-19 00:00:00+09
78,IT,이탈리아 7박9일 여행 준비 #1,https://blog.naver.com/ssu_ssu__/224114808667,2025-12-19 00:00:00+09
79,IT,[이탈리아/쇼핑] 이탈리아 DM가면 무조건 쟁여와야 할 필수템!... ,https://blog.naver.com/keipi_lee/224114801485,2025-12-19 00:00:00+09
80,GY,12월 17일,https://blog.naver.com/hkz2323/224114622227,2025-12-18 00:00:00+09
81,GY,'볼리비아 무비자' 입국 - 중남미 15개국 무비자 입국 가능,https://blog.naver.com/dodks/224098504084,2025-12-04 00:00:00+09
82,GY,19세기 말 미국과 유럽을 여행한 유길준(兪吉濬)의 서유견문... ,https://blog.naver.com/alexpark_eese/224090182423,2025-11-27 00:00:00+09
83,MR,아루샤와 세렝게티(탄자니아),https://blog.naver.com/jongilkang/224108497753,2025-12-13 00:00:00+09
84,MR,북아프리카 3국 알제리 티파사  고고유적 성모대성당  카스바,https://blog.naver.com/ces4813/224098063594,2025-12-04 00:00:00+09
85,MR,카스바의 여인 - 현철/박지현,https://blog.naver.com/njoon21/224077468973,2025-11-16 00:00:00+09
86,MR,북 아프리카 3국    모로코  페스 메디나  볼루빌리스  핫산 2세... ,https://blog.naver.com/ces4813/224076638424,2025-11-15 00:00:00+09
87,SL,국제운전면허증 발급 방법 준비물 유효기간까지 처음 해외운전... ,https://blog.naver.com/lovelpjhy/224106337734,2025-12-17 00:00:00+09
88,SL,피터스 난쟁이 견장 과일 박쥐 정보 입니다,https://blog.naver.com/skrmsp24/224104784762,2025-12-10 00:00:00+09
89,ST,상투메 프린시페 여행,https://blog.naver.com/bbaena77/224113407167,2025-12-17 00:00:00+09
90,ST,이집트 과일 박쥐 정보 입니다,https://blog.naver.com/skrmsp24/224104835666,2025-12-10 00:00:00+09
91,ST,"지리마블 아프리카, 재미있는 초등세계지리공부",https://blog.naver.com/allthetime2014/224097951142,2025-12-04 00:00:00+09
92,GA,2025 M&amp;A 리포트: 딜메이킹의 새로운 국면과 크로스보더 전략,https://blog.naver.com/bcg_kr/224114196389,2025-12-18 00:00:00+09
93,GA,"아이와 떠나는 방구석 세계여행, 윌북주니어 지리마블 아프리카... ",https://blog.naver.com/luvyul16/224113286345,2025-12-17 00:00:00+09
94,GA,[ 파리 오랑주리 미술관 Paris Musées de l'Orangerie... ,https://blog.naver.com/honeyk0/224111291818,2025-12-16 00:00:00+09
95,PW,한국과 4시간 이내 시차 적응하기 좋은 나라 및 해외여행지,https://blog.naver.com/midam_love/224101349546,2025-12-07 00:00:00+09
96,PW,[하와이] 와이키키 해변,https://blog.naver.com/jh_education/224094520999,2025-12-01 00:00:00+09
97,PW,호주 증시 폭락 예고 AI 거품과 공감의 경제학,https://blog.naver.com/begin_of_empathy/224083002130,2025-11-21 00:00:00+09
98,ZA,끄적거리기 - 아프리카 여행의 추억 1,https://blog.naver.com/doheenp/224114754331,2025-12-18 00:00:00+09
99,ZA,"은 가격이 오를때, 캐나다  은화 노틀담성당과 연꽃위 잠자리...... ",https://blog.naver.com/mindu502/224114656762,2025-12-18 00:00:00+09
100,ZA,2025-11 탄자니아-카타르 여행 #9-1 : 멜리아 응고롱고로 롯지,https://blog.naver.com/5_minutesago/224114655317,2025-12-18 00:00:00+09
101,ZA,"Justiny in Luxembourg, Day 1(2 of 2) (11/27, 2025)",https://blog.naver.com/duddnr0729/224114292002,2025-12-18 00:00:00+09
102,PT,"2025 모로코, 포르투갈 여행 (1): 준비",https://blog.naver.com/sea_n_sun/224114844587,2025-12-19 00:00:00+09
103,PT,[25.07.12-07.21] 처음 내딛는 유럽땅 (포르투갈),https://blog.naver.com/wookzzi/224114841653,2025-12-19 00:00:00+09
104,PT,여행용 캐리어 추천 부드러운 인라인 바퀴 플라이앳 롤리스... ,https://blog.naver.com/dungdang17/224114838865,2025-12-19 00:00:00+09
105,BN,브루나이 여행 엠파이어 호텔 앤 컨트리 클럽 (The Empire... ,https://blog.naver.com/gkscofus4775/224114813856,2025-12-19 00:00:00+09
106,BN,브루나이 템부롱... Centre) 여행 완벽 가이드: 자연 속... ,https://blog.naver.com/isomer2252/224114723827,2025-12-18 00:00:00+09
107,BN,브루나이 여행 기초 정보와 문화 체험 맛집 추천 가이드,https://blog.naver.com/fn744nf8mz/224113281942,2025-12-18 00:00:00+09
108,BN,APEC정상회의 in 경주,https://blog.naver.com/jsny1217/224114106976,2025-12-18 00:00:00+09
109,PE,2025년 12월 18일 21시 ~ 24시 - 뉴스 모음,https://blog.naver.com/thdtjsdn1/224114703633,2025-12-18 00:00:00+09
110,IN,세계에서 차를 타고 올라갈수 있는 가장 높은 고도,https://blog.naver.com/dtaker23/224114105504,2025-12-18 00:00:00+09
111,IN,대학로 맛집 혜화역맛집 머노까머나 대학로점 (주차정보),https://blog.naver.com/giveueverything/224111092538,2025-12-18 00:00:00+09
112,IN,고대인도의 아요디아(Ayodhya) 와 태국 아유타야(Ayutthaya),https://blog.naver.com/free_less/224112761753,2025-12-17 00:00:00+09
113,IN,시타라 광교점 | 수원 인도커리 광교 카페거리 맛집 후기,https://blog.naver.com/dnd_mik/224110307667,2025-12-15 00:00:00+09
114,IN,"인도 다르질링: 홍차보다 날씨로 기억될 이색 여행지, 히말라야... ",https://blog.naver.com/1ife_hack/224109481024,2025-12-14 00:00:00+09
115,LK,"[향남 맛집] 스리랑카 음식 경험, 아닐사 레스토랑",https://blog.naver.com/jangsuthecat/224114791209,2025-12-18 00:00:00+09
116,MO,베트남 현지 쿠폰 받고 해외로밍하는법 ! LG 유플러스 로밍... ,https://blog.naver.com/joara127/224113318975,2025-12-19 00:00:00+09
117,MO,2026년 구정 연휴 2월에도 따뜻한 광저우 VS 샤먼 골프 여행,https://blog.naver.com/teratour21/224114798038,2025-12-18 00:00:00+09
118,MO,홍콩 미슐랭 미쉐린 리스트 가격,https://blog.naver.com/oh1012001_/224114676546,2025-12-18 00:00:00+09
119,MX,"(멕시코 여행) Museo Franz Mayer , Museo de Arte... ",https://blog.naver.com/ssue101/224114395247,2025-12-18 00:00:00+09
120,MX,"미국 서부 자유여행, LA 속 멕시코 쇼핑거리, 올베라스트리트",https://blog.naver.com/2qeet131/224087455248,2025-12-16 00:00:00+09
121,MX,"멕시코 멕시코시티 여행 기초 정보, 날씨, 여행 전 준비 사항... ",https://travfotos.tistory.com/2252,2025-12-13 00:00:00+09
122,MX,"멕시코 여행 : 와하까, 몬테알반",https://blog.naver.com/songhaehyang/224108023788,2025-12-13 00:00:00+09
123,MX,[멕시코] 16박 18일 자유여행_들어가기,https://blog.naver.com/claire824/224101434933,2025-12-07 00:00:00+09
124,NO,숲과 바다가 만나는 평화로운 수도  노르웨이 오슬로 4박 6일... ,https://blog.naver.com/mercybase/224114851974,2025-12-19 00:00:00+09
125,NO,[스칸디나비아 일주] 7. 남쪽으로 남쪽으로 &amp; 오로라...?,https://blog.naver.com/puc_91/224114771383,2025-12-18 00:00:00+09
126,MY,코타키나발루 공항 출국장 식당/면세점/환전,https://blog.naver.com/kotaback_/224114715792,2025-12-18 00:00:00+09
127,DO,모기 유충 세균성 생물학적 방제제 정보 입니다,https://blog.naver.com/skrmsp24/224113680242,2025-12-18 00:00:00+09
128,DO,커티스 야빈의 미국에 대한 음모,https://blog.naver.com/jayson879/224112240642,2025-12-16 00:00:00+09
129,DO,"영국 BBC, 2026년에 여행하기 좋은 20곳...한국은 있을까?",https://blog.naver.com/ysyang0815/224107196640,2025-12-12 00:00:00+09
130,NZ,말버러 여행 | 뉴질랜드 숨은 보석 완벽 가이드,https://blog.naver.com/trip_curator/224114673221,2025-12-18 00:00:00+09
131,NZ,"2026 새해 첫 해외여행지 추천, 정답 말고 덜 알려진 도시들",https://blog.naver.com/ramrami__/224113924341,2025-12-18 00:00:00+09
132,NZ,"글로벌 수면 구미 시장 : 고객 지향성별 (수면 지원, 이완, 수면... ",https://blog.naver.com/globalresearch/224112865278,2025-12-18 00:00:00+09
133,NZ,나는 얼마나 많은 곳을 여행했을까2,https://blog.naver.com/joon5269/224113610208,2025-12-18 00:00:00+09
134,NZ,해외 1년 살기 프로젝트 (2),https://blog.naver.com/sojungi/224113119087,2025-12-17 00:00:00+09
135,HT,20251217(수) 그림으로 쉽게 보는 한국+미국장 요약,https://blog.naver.com/cirwhal1/224113221362,2025-12-17 00:00:00+09
136,HT,20251216화요일3한4온,https://blog.naver.com/bluegreenpcs/224111226831,2025-12-16 00:00:00+09
137,HT,"감염병 다중진단, 미래의 열쇠!",https://blog.naver.com/joosiksin/224110971969,2025-12-15 00:00:00+09
138,HT,한국이 이렇게 열려 있었다고? 비자 없이 들어오는 국가들,https://blog.naver.com/happysalimlife/224110487526,2025-12-15 00:00:00+09
139,HT,2025년 12월 12일 09시 ~ 12시 - 뉴스 모음,https://blog.naver.com/thdtjsdn1/224106941465,2025-12-12 00:00:00+09
140,SB,제프루아 루세트 박쥐 정보 입니다,https://blog.naver.com/skrmsp24/224110798085,2025-12-15 00:00:00+09
141,SB,"(주)스마일스토리, WebXR VR 독서 기술 특허 3건 출원...핵심... ",https://blog.naver.com/light660802/224100553573,2025-12-06 00:00:00+09
142,DK,여자혼자 유럽여행 - 3박 5일 덴마크 코펜하겐 여행 후기,https://blog.naver.com/dini080284/224114822849,2025-12-19 00:00:00+09
143,DK,뉴 월드 오더(New World Order) &amp; 그레이트 리셋(Great... ,https://blog.naver.com/nickykim156423/224114742853,2025-12-18 00:00:00+09
144,DJ,케냐 나이로비 여행기 (2025년) – Part1,https://blog.naver.com/jandb9731/224099573082,2025-12-05 00:00:00+09
145,DJ,"사이트 및 주변국가 (사우디아라비아, 지부티,요르단,오만)",https://blog.naver.com/kdiazf/224091808012,2025-11-29 00:00:00+09
146,MV,프리미엄 혜택 | 모벤픽리조트 베트남 신혼여행♥,https://blog.naver.com/heavy5009/224114782975,2025-12-18 00:00:00+09
147,TD,아프리카 카메룬 산동네 마을... 비조로 #아프리카 #산동네마을,https://blog.naver.com/hungersaver/224112916479,2025-12-17 00:00:00+09
148,TD,수원장안경찰서에서 국제운전면허증 발급! 신청서 작성법... ,https://blog.naver.com/mon_blog/224107403513,2025-12-15 00:00:00+09
149,TD,안양 필라테스 : 우리가 꼭 깨야 할 아프리카에 대한 3가지 오해,https://blog.naver.com/yogapila25/224107626010,2025-12-12 00:00:00+09
150,LC,세계 국기 &amp; 수도 맞추기! 헷갈리기 쉬운 비슷한 국기 총정리,https://blog.naver.com/3meee/224025803037,2025-09-29 00:00:00+09
151,LC,미주 항공사 FSC &amp; LCC 정리,https://blog.naver.com/i9yaaa_/224013504836,2025-09-18 00:00:00+09
152,GN,홍대 한복판에 동물원이?마포 '테이블에이'에서 이색 데이트,https://blog.naver.com/from-u0/224114771359,2025-12-18 00:00:00+09
153,GN,"Ali Farka Touré (알리 파르카 투레, singer)",https://blog.naver.com/hubtone/224113413143,2025-12-18 00:00:00+09
154,IQ,간추린 국제이슈 저녁뉴스 ⌚251217수18h,https://blog.naver.com/gusteam/224113273166,2025-12-17 00:00:00+09
155,IQ,"2026년 1분기 중점검역관리지역 안내('26.1.1.기준, 총 24개국)",https://blog.naver.com/koreadca/224113188096,2025-12-17 00:00:00+09
156,IQ,"독자들이 선정한 최고의 사진: 웅장한 세인트폴 대성당, 순한 사슴",https://blog.naver.com/choon0412/224113145190,2025-12-17 00:00:00+09
157,PG,'불의 고리'와 일본 '난카이 대지진'은 무엇?,https://blog.naver.com/memepro/224109346291,2025-12-14 00:00:00+09
158,DM,외국인 운전면허증 한국 운전면허로 교환하는 방법 (2025 최신... ,https://blog.naver.com/ktag_official2024/224013766360,2025-09-19 00:00:00+09
159,DM,생활법령,https://blog.naver.com/donghae0002/224007305912,2025-09-14 00:00:00+09
160,DM,세계 수도송 : 나라별 수도 외우기,https://blog.naver.com/khkeum/223940798803,2025-07-20 00:00:00+09
161,DM,대륙별 국가 나라 이름과 수도 외우기 정리,https://blog.naver.com/savethememo/223939277454,2025-07-19 00:00:00+09
162,ER,2025년 미국 국가안보전략 (전문),https://blog.naver.com/9778cyberart/224100880836,2025-12-07 00:00:00+09
163,ER,여권 사증란 부족에 따른 경신(재발급),https://blog.naver.com/deekay1980/224099122960,2025-12-05 00:00:00+09
164,ER,국제면허증 발급 준비물 (경찰서 신청),https://blog.naver.com/lovesongbaby/224096125269,2025-12-02 00:00:00+09
165,ER,인간반성: 워메리카(Warmerica)의 운명을 보고 2,https://blog.naver.com/imjwimjw/224093687410,2025-12-01 00:00:00+09
166,MW,세계테마기행 - 아프리카 말라위 여행,https://blog.naver.com/changdae9/224112584878,2025-12-17 00:00:00+09
167,MW,2025년 11월 모음,https://blog.naver.com/leegrace_/224112088157,2025-12-16 00:00:00+09
168,MW,"[장군’s 아프리카] 탄자니아 제2의 야생 사파리, 미쿠미... ",https://blog.naver.com/jeejii/224110739822,2025-12-15 00:00:00+09
169,FI,자연이 숨 쉬는 북유럽의 조화  핀란드 헬싱키 4박 6일 여행 코스,https://blog.naver.com/mercybase/224114851591,2025-12-19 00:00:00+09
170,FI,상해 여행) 앤티크 &amp; 빈티지 가게 75 Boutique Vintage... ,https://blog.naver.com/charlotteblue23/224114814821,2025-12-19 00:00:00+09
171,FI,드레스덴 크리스마스 마켓 방문 후기 핀 빌리지(Finn Village),https://blog.naver.com/nayish/224114773629,2025-12-18 00:00:00+09
172,EG,[이집트] 여자 혼자 이집트 자유 여행 05 - 아스완 공항에서... ,https://blog.naver.com/1emonpie/224114364515,2025-12-18 00:00:00+09
173,EG,아부다비 경유조건ㅣ첫 에티하드항공 솔직후기,https://blog.naver.com/ddunggang/224113040218,2025-12-17 00:00:00+09
174,EG,이집트 여행 적기 언제일까(장단점 정리),https://blog.naver.com/jjs0821/224112174732,2025-12-17 00:00:00+09
175,EG,이집트 패키지여행 이집트 대박물관 이심 옷차림 챙기기!,https://blog.naver.com/cham4lang1/224112329316,2025-12-17 00:00:00+09
176,EG,"이집트여행 추천 도시 Best 3 관광 정보, 추천코스 총정리!",https://blog.naver.com/euddl_/224112234055,2025-12-16 00:00:00+09
177,GH,아프리카 가나에서 미술... l 안전하게 아프리카 갭이어 봉사 여행,https://blog.naver.com/koreagapyear/224112637794,2025-12-17 00:00:00+09
178,GH,신년 패션 점괘! 2026년을 빛낼 트렌드 10,https://blog.naver.com/designpress2016/224111474720,2025-12-16 00:00:00+09
179,GH,간추린 과학기술 아침뉴스모음 ⌚1213토10h,https://blog.naver.com/gusteam/224108133423,2025-12-13 00:00:00+09
180,GH,[2025 행진] 교육네트워크 SAEM 공식 클로징 5. 글로벌 협력,https://blog.naver.com/saem2022/224103909938,2025-12-10 00:00:00+09
181,GH,[한진관광]아프리카 6개국 14일 완전일주여행 비즈니스 4구간... ,https://blog.naver.com/vivakal/224098111496,2025-12-04 00:00:00+09
182,PL,고결한 미학이 살아있는 도시  폴란드 크라쿠프 4박 6일 여행 코스,https://blog.naver.com/mercybase/224114851030,2025-12-19 00:00:00+09
183,PL,251218 시장함께읽기. 염승환이사.,https://blog.naver.com/eyetting/224114746322,2025-12-18 00:00:00+09
184,KM,박쥐 18종류 생김새 특징 사진 정보 입니다,https://blog.naver.com/skrmsp24/224110774393,2025-12-15 00:00:00+09
185,KM,코모로 과일 박쥐 정보 입니다,https://blog.naver.com/skrmsp24/224110760932,2025-12-15 00:00:00+09
186,KM,항말라리아 아르테미시닌 정보 입니다,https://blog.naver.com/skrmsp24/224101398247,2025-12-07 00:00:00+09
187,GE,TRAVEL : D+2 이스탄불 길멍이를 찾아서.... 12월17일,https://blog.naver.com/fortigate/224114069625,2025-12-18 00:00:00+09
188,GE,"조지아, 한국에게만 활짝",https://blog.naver.com/jara75win/224113975469,2025-12-18 00:00:00+09
189,GE,"캐나다 밴쿠버(Vancouver)여행... 음식, 밴쿠버 여행 추천 호텔",https://travfotos.tistory.com/1979,2025-12-18 00:00:00+09
190,CZ,체코 관광지 프라하 구시가지 광장(Old Town Square)에서... ,https://blog.naver.com/rhskgus413877/224114719393,2025-12-18 00:00:00+09
191,CZ,체코 프라하 구시가지 광장(Old Town Square) 여행 완벽... ,https://blog.naver.com/whshdk22321/224114702617,2025-12-18 00:00:00+09
192,CZ,먹거리 추천,https://blog.naver.com/alien1612/224114564389,2025-12-18 00:00:00+09
193,CZ,체코 여행 체스키 크룸로프(Cesky Krumlov)에서 만나는 동화... ,https://blog.naver.com/goddmn71457/224114550866,2025-12-18 00:00:00+09
194,CZ,체코 여행 미큘로프(Mikulov)에서 만나는 역사와 자연의... ,https://blog.naver.com/rered2026/224114507311,2025-12-18 00:00:00+09
195,KZ,"7월 해외여행지 추천, 중앙아시아 여행 카자흐스탄 키르기스스탄",https://blog.naver.com/kangjs1981/224114856601,2025-12-19 00:00:00+09
196,KZ,카자흐스탄 여행 바오바브 사원 (Baikonur Cosmodrome) 완벽... ,https://blog.naver.com/rough4788/224114731273,2025-12-18 00:00:00+09
197,CY,광주 가족 여행 아이들이 좋아하는곳 ACC 어린이문화원,https://blog.naver.com/zeropop0/224111909748,2025-12-16 00:00:00+09
198,CY,"중국 하이난 골프, 페닌슐라CC &amp; 쉐라톤 리조트 2인 출발... ",https://blog.naver.com/jm585km/224102874387,2025-12-08 00:00:00+09
199,CK,[What is 호주 봉사활동] 컬쳐 Ep.1 부스ㅣIYF 시드니... ,https://blog.naver.com/curi_australia/224050296775,2025-10-22 00:00:00+09
200,CK,국외여비 정산,https://blog.naver.com/heabin78/224011692430,2025-09-17 00:00:00+09
201,CK,"(서울 용산)국립중앙박물관에서 만난  마나 모아나, 그리고... ",https://blog.naver.com/essbang/224004584831,2025-09-12 00:00:00+09
202,CK,일본여행 국제운전면허증 준비물 온라인 오프라인 발급방법,https://blog.naver.com/dzdds/223970978065,2025-08-15 00:00:00+09
203,LI,리히텐슈타인 관광지 알프호른 만들기(Alphorn Making)... ,https://blog.naver.com/ivorin495/224114571547,2025-12-18 00:00:00+09
204,LI,'25 유럽 예술 여행 (암스테르담),https://blog.naver.com/industour/224114149291,2025-12-18 00:00:00+09
205,LI,2026년 월별로 떠나보는 세계 골프 여행지 캘린더,https://blog.naver.com/4seasonsgolftour/224114078948,2025-12-18 00:00:00+09
206,LI,"스페인 마드리드 여행 기초... 마드리드 여행 추천 호텔, 예상... ",https://travfotos.tistory.com/2630,2025-12-18 00:00:00+09
207,CD,그는 환상적인 미래 도시들이 있는 아프리카 유토피아를 꿈꿨다,https://blog.naver.com/artdio1008/224110141506,2025-12-15 00:00:00+09
208,CD,간추린 국제세계 아침이슈 ⌚251215월07h,https://blog.naver.com/gusteam/224109956563,2025-12-15 00:00:00+09
209,MA,2025년 12월 17일 수요일 - 모로코의 수도는 어디일까?,https://blog.naver.com/light_green_2022/224114818783,2025-12-19 00:00:00+09
210,MA,1월 해외여행지 추천 - 날씨 좋은 가성비 여행지,https://blog.naver.com/joycekim2597/224114716780,2025-12-18 00:00:00+09
211,TW,5성급 타이베이 호텔 가성비 숙소 추천 더 하워드 플라자 호텔... ,https://blog.naver.com/parangusl_/224114690360,2025-12-19 00:00:00+09
212,BH,2025.12.17(수) CONNECTION DAILY NEWS,https://blog.naver.com/agencyconnection/224114160674,2025-12-18 00:00:00+09
213,MK,"북중미 월드컵 조추첨 A조, 한국축구 ‘호재인가... ",https://blog.naver.com/jiromon1000/224111001067,2025-12-15 00:00:00+09
214,MK,"[Macedonia, Ohrid] 북마케도니아 오흐리드 여행 part. 5... ",https://blog.naver.com/mindy0312/224110828949,2025-12-15 00:00:00+09
215,MK,"알바니아 티라나 물가, 베드버그 물린 얘기, 티라나 아시아마트",https://blog.naver.com/ramwoone518/224110349844,2025-12-15 00:00:00+09
216,MK,동유럽 발칸 5국 지도와 역사 문화 여행의 숨은 매력,https://blog.naver.com/h50tna9tuamw/224109573075,2025-12-15 00:00:00+09
217,GR,여름 코코아 겨울 수박도 혼나지 않는,https://blog.naver.com/cherishthedelight/224114864705,2025-12-19 00:00:00+09
218,GR,"파리 Paris, 기메 박물관 Musée Guimet",https://blog.naver.com/iwasfaraway/224114859727,2025-12-19 00:00:00+09
219,GR,[그리스/튀르키예] 바울 아조씨 따라_튀르키예 편(1),https://blog.naver.com/ha_geenie/224114849226,2025-12-19 00:00:00+09
220,GR,2025년 신혼여행크루즈 필수 정보 6가지,https://kyla104.tistory.com/150,2025-12-19 00:00:00+09
221,BG,엄마랑 중남미 여행 준비(칠레-페루-볼리비아-멕시코),https://blog.naver.com/gjqm1114/224114862010,2025-12-19 00:00:00+09
222,AT,오스트리아헝가리그리고칭다오그리고국내여행들,https://blog.naver.com/sycsally/224114863148,2025-12-19 00:00:00+09
223,AT,오랜만의 연락,https://blog.naver.com/ksh3732/224114857848,2025-12-19 00:00:00+09
224,AT,예술의 선율이 흐르는 도시  오스트리아 비엔나 4박 6일 여행 코스,https://blog.naver.com/mercybase/224114852818,2025-12-19 00:00:00+09
225,AT,프롤로그: 1년만에 다시 찾은 유럽,https://blog.naver.com/forekimseluv/224114844828,2025-12-19 00:00:00+09
226,AT,[신행일기] 체오헝 3개국 동유럽 뿌수기 (헝가리편) feat.... ,https://blog.naver.com/qoqo1224/224114842524,2025-12-19 00:00:00+09
227,RS,세르비아 관광지 스메데레보 요새 (Smederevo Fortress) 완벽... ,https://blog.naver.com/dilysis58991/224114706270,2025-12-18 00:00:00+09
228,TR,성령을 받았느냐?                                사도행전 19장 1-7절,https://blog.naver.com/panchok/224114726472,2025-12-18 00:00:00+09
229,TR,김치는 없어도 터키는 좋았어,https://blog.naver.com/jangbaeksan/224114677234,2025-12-18 00:00:00+09
230,TR,이스탄불 여행 카디쿄이 아시아지구 쿠즈군죽 카페거리... ,https://blog.naver.com/dazzling1014/224114628958,2025-12-18 00:00:00+09
231,TR,"튀르키예 나자르 본주, 왜 '악마의 눈'인가?",https://blog.naver.com/joy23654/224114609079,2025-12-18 00:00:00+09
232,MT,"[몰타] 몰타여행 아이와 가볼만한곳, BOV Adventure Park... ",https://blog.naver.com/leekenim/224114802694,2025-12-19 00:00:00+09
233,MT,스페인 패키지 여행 코스 마드리드 바르셀로나 일정 쇼핑 리스트,https://blog.naver.com/dahye7942/224114451107,2025-12-18 00:00:00+09
234,MT,한진관광 이탈리아시칠리아와 몰타 9일 여행 베스트셀러... ,https://blog.naver.com/vivakal/224114334313,2025-12-18 00:00:00+09
235,MT,에미레이트 항공으로 떠나는 시칠리아/몰타  여행 11일,https://blog.naver.com/bonvoyage_ynj/224114157057,2025-12-18 00:00:00+09
236,MT,스페인 여행 7일차 (2025.12.5),https://blog.naver.com/kismet19/224114061352,2025-12-18 00:00:00+09
237,TZ,세렝게티 신혼여행 :: 응고롱고로 가는길에 점심 &amp; 기념품샵... ,https://blog.naver.com/sally8049/224114387890,2025-12-19 00:00:00+09
238,UA,12.18 미국 증시 및 국제 정세 요약,https://blog.naver.com/geniuscorea/224114809913,2025-12-19 00:00:00+09
239,UA,길을 잃어도 괜찮을거야 (12/17),https://blog.naver.com/beingdobby/224114792424,2025-12-18 00:00:00+09
240,SK,호스텔 리뷰 - 이유없이 날 좋아하는 사람들은 뭔가 목적이 있다,https://blog.naver.com/uncomfortable_review/224114713875,2025-12-18 00:00:00+09
241,TG,헤드라인뉴스/이슈(251217),https://blog.naver.com/cho3638/224112570065,2025-12-17 00:00:00+09
242,TG,"앨범털기, 서아프리카 토고 로메 Togo Lome 포토덤프",https://blog.naver.com/victoria_in_theworld/224109009927,2025-12-14 00:00:00+09
243,MC,그냥저냥 : 취미,https://blog.naver.com/modus-operandi/224114823442,2025-12-19 00:00:00+09
244,MC,완벽해서 과분했던 스물여섯,https://blog.naver.com/happpppyoon/224114724983,2025-12-18 00:00:00+09
245,MC,모나코 여행 포트 에르쿨레스(Port Hercules)에서 만나는... ,https://blog.naver.com/tympny98316/224113913578,2025-12-18 00:00:00+09
246,MC,지중해 쿠르즈 여행 2일차(2025. 10. 18),https://blog.naver.com/y11108/224113897982,2025-12-18 00:00:00+09
247,ES,부산 크리스마스 빌리지 먹거리 주말 치미창가 빠에야  후기,https://blog.naver.com/bomiri84/224114866389,2025-12-19 00:00:00+09
248,ES,Spain (스페인) = 몬세라트 시체스 스냅 투어 (평점 4.9/+가우디... ,https://blog.naver.com/ghsqkq456/224114335515,2025-12-19 00:00:00+09
249,HR,아드리아해의 진주가 주는 찬란한 감동  크로아티아... ,https://blog.naver.com/mercybase/224114850774,2025-12-19 00:00:00+09
250,HR,크로아티아 여행 코스 지도 크로아티아 주요 관광지별 추천... ,https://blog.naver.com/chronic6551/224111002651,2025-12-19 00:00:00+09
251,HR,미국 가수-더 도어스-짐 모리슨(Jim Morrison)-27 Club,https://blog.naver.com/nadri97/224114775782,2025-12-18 00:00:00+09
252,HR,my Slovenia1,https://blog.naver.com/ksong6307/224114770477,2025-12-18 00:00:00+09
253,AZ,[중국칭다오통신] 'GO 칭다오'에서 '칭다오 쇼핑'으로...... ,https://blog.naver.com/china_lab/224114242815,2025-12-18 00:00:00+09
254,AZ,리투아니아어: Lietuvos Respublika 리에투보스,https://blog.naver.com/nonstop0404/224113404045,2025-12-17 00:00:00+09
255,AZ,우즈베키스탄 2026년 경제 대격변: 디지털 결제 의무화부터... ,https://blog.naver.com/uzinfo82/224109325183,2025-12-17 00:00:00+09
256,SC,"가기 좋은 해외 여행지' | 일본, 호주, 뉴질랜드와 세이셸!",https://blog.naver.com/what-a-lovelyday/224110769704,2025-12-15 00:00:00+09
257,SC,중앙아시아여행/중동국가여행/아프리카여행/항공권구매사이트... ,https://blog.naver.com/koreanunderdog/224108819170,2025-12-14 00:00:00+09
258,SC,"세이셸에서 보내는 프라이빗 신혼여행, 지상낙원을 걷다",https://blog.naver.com/fiwvgjjwdeqh/224108307782,2025-12-13 00:00:00+09
259,SC,해외여행지 비자 필수/면제국가 총정리 (2026년 최신판),https://blog.naver.com/superwavegun/224108029474,2025-12-13 00:00:00+09
260,NE,정책지식 2025.12.17.,https://blog.naver.com/trim9134/224112560957,2025-12-17 00:00:00+09
261,NE,251217 뉴스몰아보기,https://blog.naver.com/cutie_twins/224112560742,2025-12-17 00:00:00+09
262,CV,카보베르데 국기 상징과 색상 그리고 역사 이야기,https://blog.naver.com/lbqweqb562/224109269994,2025-12-15 00:00:00+09
263,CV,2026 북중미월드컵 조추첨 – 대한민국 A조 편성 &amp; 32강·16강... ,https://gnhong.com/6280,2025-12-09 00:00:00+09
264,CV,"카보베르데 2026 월드컵 첫... (위치, 여행, 피파랭킹 총정리)",https://blog.naver.com/jloyalty/224103490017,2025-12-09 00:00:00+09
265,CV,"박성호가 말하는 여행가라는 직업, 여행가라는 삶",https://blog.naver.com/pitchbypitch/224103480987,2025-12-09 00:00:00+09
266,BE,신생아 세균성 뇌수막염 정보 입니다,https://blog.naver.com/skrmsp24/224114874753,2025-12-19 00:00:00+09
267,BE,[벨기에 교환학생 MOIN] 기숙사비 송금부터 가성비 통신사... ,https://blog.naver.com/chachajisu/224114873724,2025-12-19 00:00:00+09
268,BE,251006 자전거의 도시(였던것) 암스테르담 (Day 7_네덜란드... ,https://blog.naver.com/roamingstone/224114852439,2025-12-19 00:00:00+09
269,BE,달콤한 유혹이 가득  벨기에 브뤼셀 &amp; 브뤼헤 4박 6일 여행,https://blog.naver.com/mercybase/224114849712,2025-12-19 00:00:00+09
270,BB,럼(Rum)의 개념과 종류｜역사·특징·소비 트렌드,https://blog.naver.com/ojirapi/224084178698,2025-11-22 00:00:00+09
271,BB,미국의 공습으로 라틴아메리카의 선박만 파괴되는 게 아니다,https://blog.naver.com/cjc44588/224072653281,2025-11-11 00:00:00+09
272,UY,몬테비데오 당일치기 코스,https://blog.naver.com/5676203/224113417234,2025-12-17 00:00:00+09
273,UY,"후안 까를로스 오네띠, &lt;아디오스&gt;",https://blog.naver.com/wunderhorn/224112439515,2025-12-17 00:00:00+09
274,TT,브라질에서 만난 붉은따오기/진홍따오기,https://blog.naver.com/mhdc/224108477804,2025-12-14 00:00:00+09
275,TT,흡혈박쥐사촌 가짜 흡혈 박쥐 유령 박쥐 정보 입니다,https://blog.naver.com/skrmsp24/224093664180,2025-12-01 00:00:00+09
276,ML,사하라: 사막을 가로지르는 무한 액션! 영화,https://blog.naver.com/torsla/224097060190,2025-12-03 00:00:00+09
277,ML,[어커봅잉글리쉬 원주점]_How jihadists have... ,https://blog.naver.com/acupofenglish_wonju/224075548532,2025-11-26 00:00:00+09
278,ML,"현존 최고의 샹송 가수, 셀린 디옹 (청주 피부과 수능 이벤트)",https://blog.naver.com/plusskin1/224076317848,2025-11-14 00:00:00+09
279,ML,정부가 '이곳' 여행금지 긴급 발령한 이유,https://blog.naver.com/nlul_life/224064814169,2025-11-05 00:00:00+09
280,ML,정치일반..네이버(언론사제공) 2025년11월2일,https://blog.naver.com/c1c1b1b1/224061676029,2025-11-02 00:00:00+09
281,NU,오스트레일리아 인기 여행지 - 최고 인기 도시의 호텔을... ,https://blog.naver.com/tripnstory/223962736156,2025-08-07 00:00:00+09
282,NU,전세계 숙소 여행 정보,https://blog.naver.com/tripnstory/223960730518,2025-08-06 00:00:00+09
283,NU,"Our Ancestors Speak  우리 조상들의 목소리  2021, 9분 필름",https://blog.naver.com/shimji202/223936220427,2025-07-16 00:00:00+09
284,NU,오세아니아 국가의 수도 이름,https://blog.naver.com/hinjme/223898440310,2025-06-15 00:00:00+09
285,GM,"성령의 도구 된 마른 막대기들/감비아(유재동,안정순 선교사)",https://blog.naver.com/vlvmf1215/224113482052,2025-12-17 00:00:00+09
286,GM,'Best in Travel'[해외 여행 맛 보다]김이 모락모락 나는 따뜻한... ,https://blog.naver.com/egg8118/224111807568,2025-12-16 00:00:00+09
287,IS,아이슬란드 12월 여행 핀란드 핀에어 후기 핀에어타고... ,https://blog.naver.com/seberos/224114664381,2025-12-18 00:00:00+09
288,AD,안도라 라 마사나(La Massana) 여행: 자연과 모험이 공존하는... ,https://blog.naver.com/ssembler1704/224114542498,2025-12-18 00:00:00+09
289,AD,세르비아 여행 필독서 [e북]1시간에 마스터하는 세르비아 역사,https://blog.naver.com/katalina/224110130336,2025-12-16 00:00:00+09
290,AD,안도라 여행 아르인스알(Arinsal)에서 즐기는 자연과... ,https://blog.naver.com/rough4788/224110410195,2025-12-15 00:00:00+09
291,AD,유럽 해외여행 무제한 데이터 유심 &amp; 이심 | 안심보장까지... ,https://blog.naver.com/ouritblog/224106806819,2025-12-12 00:00:00+09
292,FJ,피지 여행 수바(Suva): 숨겨진 열대 도시의 매력 탐방하기,https://blog.naver.com/dignity5117/224110214569,2025-12-15 00:00:00+09
293,FJ,2025년 황금연휴 해외여행 미리 준비! 꿈의 여행지 추천,https://blog.naver.com/emmma1122/224095660268,2025-12-12 00:00:00+09
294,FJ,2025 아웃리거 피지 리조트 국제 수상 소식 한눈에 보기,https://blog.naver.com/outrigger_korea/224104705141,2025-12-10 00:00:00+09
295,NL,유럽 노숙자 국제미아 - 유럽 #1,https://blog.naver.com/0130phoebe/224114871646,2025-12-19 00:00:00+09
296,CF,2026년 여행 위험 지도: 글로벌 여행 안전의 주요 변화 및 동향,https://blog.naver.com/midam_love/224109453025,2025-12-14 00:00:00+09
297,BA,보스니아 헤르체고비나 젠자(Zenica) 여행: 숨겨진 매력을... ,https://blog.naver.com/rmble1443/224114874977,2025-12-19 00:00:00+09
298,BA,크로아티아 두브로부니크 여행... 두브로부니크 여행 추천 숙소... ,https://travfotos.tistory.com/2330,2025-12-18 00:00:00+09
299,BA,클로드 국제법 2025. 6월,https://blog.naver.com/lovepeace_123/224113219647,2025-12-17 00:00:00+09
300,SM,산마리노 팔라초 아르조바스칼코 (Palazzo Arzobispado) 여행... ,https://blog.naver.com/smoked7590/224114830889,2025-12-19 00:00:00+09
301,SM,2024년 제퍼디 기출문제(6.6.),https://blog.naver.com/marinean19/224096918976,2025-12-18 00:00:00+09
302,SM,산마리노 관광지 팔라초 델라 루나 (Palazzo della Luna) 완벽... ,https://blog.naver.com/hydrotherml39340/224113749555,2025-12-18 00:00:00+09
303,HU,진주가 선사하는 낭만  헝가리 부다페스트 4박 6일 여행 코스,https://blog.naver.com/mercybase/224114848816,2025-12-19 00:00:00+09
304,SY,1217-1218 중국 경제 뉴스 요약 모음,https://blog.naver.com/takechanceandfortune/224114398585,2025-12-18 00:00:00+09
305,SY,&quot;의사에 의한 죽음&quot;이 2026년 전 세계로 확산됩니다,https://blog.naver.com/hikaisha/224113712822,2025-12-18 00:00:00+09
306,SY,중앙아시아 ～스탄 3국 여행(7) 차슈마 아유프,https://blog.naver.com/yhoney63/224113496387,2025-12-17 00:00:00+09
307,SY,브랜든 2025.12.17 오늘 저와 함께 기도해요,https://blog.naver.com/lightper/224113418097,2025-12-17 00:00:00+09
308,SO,글로벌 여행 브리핑 - 2025년 12월 17일 (수요일),https://blog.naver.com/aitravellab2025/224112217229,2025-12-17 00:00:00+09
309,SO,251216 뉴스몰아보기,https://blog.naver.com/cutie_twins/224111290554,2025-12-16 00:00:00+09
310,SO,정책지식 2025.12.16.,https://blog.naver.com/trim9134/224111280568,2025-12-16 00:00:00+09
311,TV,&lt;방이동 한우리&gt; 초등수업/5학년,https://blog.naver.com/eun2ssam2/224101583026,2025-12-07 00:00:00+09
312,TV,"나우루 여행 준비물: 브리즈번 경유, 이메일 비자 신청법... ",https://blog.naver.com/meetmen/224090482520,2025-11-27 00:00:00+09
313,TV,중국와 대만은 과연 하나의 중국이 될 수 있을까?,https://blog.naver.com/divine_calling/224085323610,2025-11-23 00:00:00+09
314,SD,죽어가면서 살아가는 모든 이에게,https://blog.naver.com/musttry1121/224111116728,2025-12-16 00:00:00+09
315,SD,대전 파충류샵 뉴런렙스타 작은 공룡을 키워보자 수단 플레이트... ,https://blog.naver.com/newrunrepstar/224108643800,2025-12-13 00:00:00+09
316,SD,스무 살의 역사,https://blog.naver.com/ejlee8698/224105552449,2025-12-11 00:00:00+09
317,SD,"2025년 12월 10일, 오늘의 세계를 움직인 두 가지 큰 이야기",https://blog.naver.com/sjlim2001/224104227798,2025-12-10 00:00:00+09
318,SD,모로코 법관 이븐바투타의 여행기로 본 21세기 이슬람 국가들,https://blog.naver.com/sy88108/224101104564,2025-12-07 00:00:00+09
319,GT,밀라노 최고의 호텔과 부티크,https://blog.naver.com/vmflxl02/224114731079,2025-12-18 00:00:00+09
320,AU,자유의 바다,https://blog.naver.com/fodls955/224113043582,2025-12-17 00:00:00+09
321,AU,시드니 5박7일 여행 일정 완전 정리 ｜5~7일차 현실 일정... ,https://blog.naver.com/judynoteee/224109369669,2025-12-14 00:00:00+09
322,AU,호주 ETA 관광비자 신청 발급방법 가격 승인시간,https://blog.naver.com/djkyo7/224108523405,2025-12-13 00:00:00+09
323,AU,호주여행 7_ 울릉공 최고!,https://blog.naver.com/go9802/224108231455,2025-12-13 00:00:00+09
324,AU,"1월 시드니 여행 (6) - 하버브릿지 걷기, 수산시장 구경",https://blog.naver.com/joeun1214/224107449126,2025-12-12 00:00:00+09
325,UZ,「대전」 우송정보대 | 자양동 로컬맛집 차이하나 | 2025... ,https://blog.naver.com/meomeossi/224114751256,2025-12-18 00:00:00+09
326,CU,"ESTA | 미국 이스타 비자 | 뉴욕 칸쿤 신혼여행, 미국 여행 비자... ",https://blog.naver.com/mukkebi1995/224114088937,2025-12-18 00:00:00+09
327,CU,대만과 그 너머의 원주민 지식: 정착민 식민주의 비판과... ,https://blog.naver.com/csyim2938/224113908998,2025-12-18 00:00:00+09
328,TO,통가 누쿠알로파(Nuku'alofa) 여행: 숨겨진 남태평양의... ,https://blog.naver.com/diorm2089/224094675726,2025-12-01 00:00:00+09
329,BJ,간추린 국제세계 뉴스제목모음 ⌚1209화13h,https://blog.naver.com/gusteam/224103457349,2025-12-09 00:00:00+09
330,UA,유럽 경제의 기관차 다시 힘차게 달릴까요  2026년 독일 주가... ,https://blog.naver.com/mercybase/224114878646,2025-12-19 00:00:00+09
331,UA,"11박13일 포르투갈 여행 | 일곱째날 | 렐루서점, 카르무 성당... ",https://blog.naver.com/suna430_89/224114877464,2025-12-19 00:00:00+09
332,LB,인간의 위대한 여정,https://blog.naver.com/kh1234m/224112508379,2025-12-17 00:00:00+09
333,RU,러시아 관광지 크론슈타트... 어우러진 매력적인 여행지 소개,https://blog.naver.com/vgries48098/224114675231,2025-12-18 00:00:00+09
334,RU,"[모스크바여행] 러시아 모스크바 가볼만한 곳, 노보데비치... ",https://blog.naver.com/chjdpeach/224112432038,2025-12-18 00:00:00+09
335,RU,블라디보스톡 호텔 가족 커플 여행 호캉스 위치 추천 top2,https://blog.naver.com/hjj880/224110411637,2025-12-15 00:00:00+09
336,RU,러시아 처음 오는 한국인 필수 가이드 — 모스크바 여행... ,https://blog.naver.com/temurguide1/224105147481,2025-12-10 00:00:00+09
337,DE,"독일 프랑크푸르트 여행, 티웨이항공 왕복 54만원, 기내... ",https://blog.naver.com/raraland777/224114802186,2025-12-19 00:00:00+09
338,DE,여행의 기억으로 남아 있던 폭스바겐 드레스덴 공장 폐쇄 소식,https://blog.naver.com/dul2dul2/224114798299,2025-12-18 00:00:00+09
339,DE,[유럽|독일 여행] 빈 병... 마트에서 '판트(Pfand)'로 여행비... ,https://blog.naver.com/hyu0217/224114786264,2025-12-18 00:00:00+09
340,DE,[유럽|독일] 독일어 몰라도 OK! 여행 질이 달라지는 생존... ,https://blog.naver.com/hyu0217/224114747155,2025-12-18 00:00:00+09
341,DE,독일 남부 울름 근교에 자리한 비블링겐 수도원 도서관은 문을... ,https://blog.naver.com/daffodil2023/224114672209,2025-12-18 00:00:00+09
342,EE,에스토니아 여행 사레마 섬(Saaremaa Island)에서 만나는... ,https://blog.naver.com/snitrin4246/224114759872,2025-12-18 00:00:00+09
343,FM,[가이드북] 《프렌즈 괌('26~'27)》 이미정,https://blog.naver.com/lupus10/224114580255,2025-12-18 00:00:00+09
344,FM,미크로네시아 연방 관광지 펠레리우(Palikir): 숨겨진 천국을... ,https://blog.naver.com/tropine4938/224079831957,2025-11-18 00:00:00+09
345,FM,겨울 해외여행지 추천 12월 1월 가족여행 가볼만한곳 괌 vs... ,https://blog.naver.com/navely_itsme/224038083115,2025-10-13 00:00:00+09
346,FM,미국 괌 위치 비행시간 ABC스토어 쇼핑리스트 태닝키티,https://blog.naver.com/inha722/224027566098,2025-09-30 00:00:00+09
347,FM,"[리뷰]괌 태교여행 두짓타니, 츠바키 호텔 비교 후기 :태교여행... ",https://blog.naver.com/awaitnsee/224025756884,2025-09-29 00:00:00+09
348,TL,"[크루즈여행] 로얄캐리비언 앤썸호, Bali 8Nights 1편... ",https://blog.naver.com/onthejourney/224112956519,2025-12-17 00:00:00+09
349,TL,"오사카 핫 플레이스, 나카자키쵸 커피집의 매력",https://blog.naver.com/bricksmagazine/224112854469,2025-12-17 00:00:00+09
350,TL,청중봉 면접 후기,https://blog.naver.com/mhn0576/224110991348,2025-12-15 00:00:00+09
351,JM,"아야후아스카, 치유, 자아 이해, 그리고… 영성?",https://blog.naver.com/ayahuasca00/224110834549,2025-12-15 00:00:00+09
352,JM,루시 :: 예리한 통찰력은 양날의 검이다,https://blog.naver.com/wcome_t_m_bookshelf/224106307196,2025-12-11 00:00:00+09
353,JM,"월터 휘트먼(Walter Whitman ) 미국  시인, 수필가... ",https://blog.naver.com/donginthink9/224082974309,2025-12-11 00:00:00+09
354,JM,치키타 농산물 및 바나나 유통 회사 정보 입니다,https://blog.naver.com/skrmsp24/224100222524,2025-12-06 00:00:00+09
355,SE,유럽의 베네치아를 걷는 낭만  스웨덴 스톡홀름 4박 6일 여행... ,https://blog.naver.com/mercybase/224114852475,2025-12-19 00:00:00+09
356,ME,코토르: 중세와 자연이 어우러진 매력적인 항구 도시,https://blog.naver.com/djfsjtokf/224113981405,2025-12-18 00:00:00+09
357,ME,"크로아티아 / 흐바르 / Day 24, 25",https://blog.naver.com/podo-pollapo/224113298620,2025-12-17 00:00:00+09
358,IR,익산역과 주변을 저녁에 둘러봅니다,https://blog.naver.com/gooi3906/224114748190,2025-12-18 00:00:00+09
359,TH,"1터미널 PP카드 마티나 라운지, 에어아시아 XJ701 방콕여행",https://blog.naver.com/99u_mini/224114839464,2025-12-19 00:00:00+09
360,TH,완성된 우리 가족 태국여행 일기,https://blog.naver.com/codbs4594/224114803602,2025-12-19 00:00:00+09
361,TH,믿을 수 없는 태국 여행 중 꼭 가봐야 할 숨은 명소!,https://blog.naver.com/nkhhsg6f/224113930560,2025-12-18 00:00:00+09
362,TH,취향저격 태국 여행지 TOP 7 추천,https://blog.naver.com/oh1012001_/224114625970,2025-12-18 00:00:00+09
363,TH,태국의 주류규제,https://blog.naver.com/eaeao0405/224114440324,2025-12-18 00:00:00+09
364,ID,발리 스타벅스 리저브 데와타 아시아 최대 규모 시그니처 메뉴,https://blog.naver.com/sinya214/224114827222,2025-12-19 00:00:00+09
365,BI,"몰랐던 진짜 아프리카 이야기 (국경, 빈부격차, 그리고 여행)",https://blog.naver.com/cpalse/224103176167,2025-12-09 00:00:00+09
366,BI,부룬디의 어린이들 사랑과 희망을 전한 이세희,https://blog.naver.com/hidecaos50/224100995951,2025-12-07 00:00:00+09
367,BS,오늘의 여행업계 동향 (2025. 12. 12),https://blog.naver.com/mynuritour/224107025937,2025-12-12 00:00:00+09
368,BS,바하마 콜럼버스 기념비(Columbus Monument) 여행: 역사와... ,https://blog.naver.com/dkswlsgur5977/224100212099,2025-12-06 00:00:00+09
369,BS,해변의 역사와 문화 탐방,https://blog.naver.com/szytank/224100010350,2025-12-06 00:00:00+09
370,WS,인문고전 독서지도사 15차시 열매 단계 | 지킬 박사와 하이드... ,https://blog.naver.com/dreamingenglishmom/224101350330,2025-12-07 00:00:00+09
371,IE,"바람따라 초원따라 섬나라 아일랜드, 감동의 명소 5곳",https://blog.naver.com/mediashare910/224114653766,2025-12-18 00:00:00+09
372,IE,"[더블린 160-173] 크리스마스 느낌나는 12월 시작, 택배... ",https://blog.naver.com/ahyun1114/224103178872,2025-12-09 00:00:00+09
373,IE,2025.12.06 네이버 블로그 통계 분석 – 사유정 분석 특별판,https://blog.naver.com/miok124321/224101647328,2025-12-08 00:00:00+09
374,IE,차이나에어라인 경유1시간 후기,https://blog.naver.com/cheery_property/224100395924,2025-12-06 00:00:00+09
375,IE,2025년 11월 18일 20시 ~ 22시 - 뉴스 모음,https://blog.naver.com/thdtjsdn1/224080360798,2025-11-18 00:00:00+09
376,NG,콘크리트 등 건설 자재 강화 시켜주는 세균 정보 입니다,https://blog.naver.com/skrmsp24/224114473501,2025-12-18 00:00:00+09
377,NG,"원숭이두창 원인, 호흡기로 전염되는 원숭이두창 바이러스?",https://okayer.tistory.com/313,2025-12-18 00:00:00+09
378,HK,[홍콩] Eaton HK 이튼호텔 4박5일 패밀리룸 후기 | 침사추이... ,https://blog.naver.com/bora626/224114878508,2025-12-19 00:00:00+09
379,VN,VIP 특전 | 리젠트 푸꾸옥 리조트 ♥,https://blog.naver.com/retain3156/224114872683,2025-12-19 00:00:00+09
380,VN,호치민 첫 여행이 기억에 남는 여정이 되는 비결,https://blog.naver.com/lsi2k001/224114870792,2025-12-19 00:00:00+09
381,GW,아프리카 여행을 가나에서 중단하다,https://blog.naver.com/mew2jung/224108850657,2025-12-14 00:00:00+09
382,GW,김해공항 도착했는데 여권이 없다면? 2026년 3월 '긴급여권... ,https://blog.naver.com/sjc2629/224099981017,2025-12-06 00:00:00+09
383,AL,오흐리드 호수 여행 | 숨겨진 North Macedonia 명소,https://blog.naver.com/trip_curator/224114880690,2025-12-19 00:00:00+09
384,AL,베라트 여행 | 알바니아 숨은 보석 완벽 가이드,https://blog.naver.com/trip_curator/224114617072,2025-12-18 00:00:00+09
385,AL,알바니아 여행 페르메트(Permet): 숨겨진 자연과 문화의 보석... ,https://blog.naver.com/ffecting85227/224114467793,2025-12-18 00:00:00+09
386,GD,극좌(far left) 뉴욕시장 조란 맘다니에 대해 간단히... ,https://blog.naver.com/gang8805/224066272590,2025-11-06 00:00:00+09
387,NP,"[단독/충격] 정치인 5명, 통일교 돈으로 '네팔 공짜 여행' 딱... ",https://blog.naver.com/gung_joo2/224110745737,2025-12-15 00:00:00+09
388,NP,네팔에서 꼭 봐야 할 핵심 명소,https://blog.naver.com/whynottour/224110603228,2025-12-15 00:00:00+09
389,NP,에어아시아 탑승후기 | 네팔출발 태국경유 웃픈 LCC체험기,https://blog.naver.com/sujeein/224108706495,2025-12-13 00:00:00+09
390,NP,노랑풍선 인도+네팔 패키지 여행 대한항공 직항,https://blog.naver.com/kimko2022/224103358547,2025-12-09 00:00:00+09
391,NP,네팔 여행비용 카트만두 포카라 6박7일 총정리 | 여행경비... ,https://blog.naver.com/sujeein/224099881026,2025-12-06 00:00:00+09
392,NL,인도네시아 자카르타 구시가지 (Jakarta Old Town) 여행... ,https://blog.naver.com/dbsdkwns65/224114822774,2025-12-19 00:00:00+09
393,MC,모나코 포트몽테카를로(Port of Monte Carlo) 여행: 럭셔리와... ,https://blog.naver.com/gkswogml523/224114884506,2025-12-19 00:00:00+09
394,VC,세계 뉴스 주요 이슈 및 거시경제 전망 (2025년 11월 27일... ,https://blog.naver.com/addadis1coffee/224091836020,2025-11-29 00:00:00+09
395,VU,Oceania Regatta(Bali - Papeete/20250627~20250717)-예약과... ,https://blog.naver.com/travellikealocal/224100434291,2025-12-06 00:00:00+09
396,PS,한예종은 정말 예술계의 서울대인가…?,https://blog.naver.com/rhdkssk18/224113923538,2025-12-18 00:00:00+09
397,PS,독일에서 살아남기 83~89일차/이곳은 인가 인가/Hello... ,https://blog.naver.com/lifeisfucking91/224113692605,2025-12-18 00:00:00+09
398,GR,여자 혼자 아테네여행ㅣ게스트하우스 가격과 솔직후기,https://blog.naver.com/ddunggang/224114885752,2025-12-19 00:00:00+09
399,RO,"발칸: 루마니아 여행/ 시나이아, 펠레슈 성 내부의... ",https://blog.naver.com/ksy54000/224114715646,2025-12-18 00:00:00+09
400,FR,"[프랑스 여행] 파리 2일차 2탄, 3일차 ㅣ  유람선 투어  및... ",https://blog.naver.com/ektyd7777/224114887886,2025-12-19 00:00:00+09
401,AR,착! 붙는 스페인어 독학 첫걸음 스페인어 교재 추천,https://blog.naver.com/reviewzz/224115518446,2025-12-19 00:00:00+09
402,AR,"식중독 장염 비브리오 , 새우 세균성 간췌장염 바다 달팽이 일본... ",https://blog.naver.com/skrmsp24/224115223783,2025-12-19 00:00:00+09
403,AR,"조개 세균성 갈색 고리병, 민어 세균성 무증상 기타 어류 병원성... ",https://blog.naver.com/skrmsp24/224115151936,2025-12-19 00:00:00+09
404,AR,해양 세균성 패혈증 연조직염 위장염 정보 입니다,https://blog.naver.com/skrmsp24/224115099539,2025-12-19 00:00:00+09
405,AR,치료 하기 어렵고 박멸 및 예방 불가능한 세균성 피부병  폐렴... ,https://blog.naver.com/skrmsp24/224115054012,2025-12-19 00:00:00+09
411,UA,중국뉴스(251219),https://blog.naver.com/chinatran/224115493251,2025-12-19 00:00:00+09
412,UA,2025년 글로벌 금리·달러 흐름 정리｜2026년 전망과 개인이... ,https://blog.naver.com/sunflowerc_/224115411344,2025-12-19 00:00:00+09
413,UA,"[조간-뉴스 ] ‘통일교 의혹’ 전재수 의원, 경찰 출석…“불법... ",https://blog.naver.com/kangyeou/224115320391,2025-12-19 00:00:00+09
414,UA,[12월 3주차] 롱블랙,https://blog.naver.com/scarlett_29/224115216223,2025-12-19 00:00:00+09
415,UA,에프스타인 저택의 사진 추가 공개…DOJ 기한 앞두고 긴장 고조,https://blog.naver.com/worldnewsletter/224115149535,2025-12-19 00:00:00+09
416,HR,"크로아티아 여행 준비물 추천,가볍게 챙기는 필수 아이템",https://blog.naver.com/sande0126/224115436447,2025-12-19 00:00:00+09
417,HR,"2025년 최신 크로아티아 여행 코스 추천, 두브로브니크부터... ",https://blog.naver.com/sande0126/224115399511,2025-12-19 00:00:00+09
418,HR,크로아티아 여행 필수 쇼핑 리스트! 꼭 사와야 할 기념품... ,https://blog.naver.com/mrwiver/224115158616,2025-12-19 00:00:00+09
419,HR,2025년 직장인을 위한 해외여름휴가 필수 팁 7가지,https://dwqn.tistory.com/109,2025-12-19 00:00:00+09
425,TR,71. 불가리아 소피아 '알렉산드로 네프스키 대성당',https://blog.naver.com/npaccg/224115502821,2025-12-19 00:00:00+09
426,TR,TRAVEL : D+3 카디코이 지역으로 이동 12월18일,https://blog.naver.com/fortigate/224115360595,2025-12-19 00:00:00+09
427,TR,튀르키예 이스탄불 여행 아시아지구 시내 구경 트램 타는 법,https://blog.naver.com/enzoeythelife/224115346604,2025-12-19 00:00:00+09
428,TR,튀르키예 패키지여행 노마드트래블 터키 세미패키지 7박9일... ,https://blog.naver.com/bian258/224115224998,2025-12-19 00:00:00+09
429,TR,터키 이스탄불 베식타시 페리타고 가는법 맛집 후기,https://blog.naver.com/amy_m_g/224114678507,2025-12-19 00:00:00+09
434,HN,거위 세균성 깃털 손실 무기력증 식욕 부진 정보 입니다,https://blog.naver.com/skrmsp24/224114952946,2025-12-19 00:00:00+09
435,FR,✈️ 파리 샤를 드골 공항(CDG) 이용방법 총정리,https://blog.naver.com/footneki-v/224110569356,2025-12-19 00:00:00+09
436,FR,여행 중 멀티어댑터 문제 상황별 스마트 대처법 완전정복,https://blog.naver.com/station9797/224115229222,2025-12-19 00:00:00+09
437,FR,★프랑스파리★[파리 현지 수령] 파리 뮤지엄 패스 (2일/4일... ,https://blog.naver.com/highnova-/224114943227,2025-12-19 00:00:00+09
438,FR,파리 라발레빌리지 후기 할인정보 쿠폰소식 공유,https://blog.naver.com/tam_korea/224114327721,2025-12-19 00:00:00+09
439,FR,"흑백요리사 뉴욕에 간 돼지곰탕 , 옥동식 먹어 본 후기... ",https://blog.naver.com/shinyoudi/224115126145,2025-12-19 00:00:00+09
440,ID,"인도네시아 바탐 골프여행, 가성비와 럭셔리를 모두 잡은 명문... ",https://blog.naver.com/goodshot-daddy/224115482207,2025-12-19 00:00:00+09
441,ID,2025년 한국인이 세대별 성별 선호하는 여행지 순위,https://blog.naver.com/oa3284/224115473374,2025-12-19 00:00:00+09
442,ID,1월 해외여행지 추천 따뜻한 나라 10곳 평균 기온 및 여행... ,https://blog.naver.com/0111khh/224115422622,2025-12-19 00:00:00+09
443,ID,발리 여행 4박 6일 최고급 아야나 리조트 휴양팩 소개,https://blog.naver.com/chingu_yh/224115362048,2025-12-19 00:00:00+09
444,ID,인도네시아 주간 이슈 (2025년 12월 셋째 주),https://blog.naver.com/dongsunkko/224114859865,2025-12-19 00:00:00+09
445,ET,"[독서기록]&lt;스물셋, 죽기로 결심하다(조은수)&gt;",https://blog.naver.com/hgi9671/224115416279,2025-12-19 00:00:00+09
446,ET,'여행 에세이' 제목및 차례?,https://blog.naver.com/wks5183/224115079109,2025-12-19 00:00:00+09
447,DE,"DAY 1-2일차 베를린 구경-베를린돔, 베를린국립미술관... ",https://blog.naver.com/yb961119/224115475314,2025-12-19 00:00:00+09
448,DE,나는 아직도 2024년에 살아,https://blog.naver.com/fgnoom/224115443463,2025-12-19 00:00:00+09
449,DE,독일 여행 바덴바덴(Baden-Baden)에서 만나는 천혜의 온천과... ,https://blog.naver.com/misconception43560/224115361841,2025-12-19 00:00:00+09
450,DE,독일 여행 라인강 크루즈... 동화 속 풍경과 낭만 여행,https://blog.naver.com/sopbox3475/224115295169,2025-12-19 00:00:00+09
451,DE,"독일 슈투트가르트 여행 코스, 반나절 도보로 즐기는... ",https://blog.naver.com/jiae6174/224115256799,2025-12-19 00:00:00+09
459,SN,트럼프가 막은 북중미월드컵 입국 금지국,https://blog.naver.com/genius-dragon/224115098451,2025-12-19 00:00:00+09
460,ZM,[남양주구리여행사] 하이클래스 아프리카 6개국 &amp; 두바이... ,https://blog.naver.com/silvia68_/224115494697,2025-12-19 00:00:00+09
461,ZM,하나투어 아프리카 핵심 패키지 여행 8일간의 대자연 속... ,https://blog.naver.com/koalways76/224115390128,2025-12-19 00:00:00+09
462,ZM,필요 없는건 그만! '해외여행 준비물 방어 아이템' 3가지,https://blog.naver.com/ramrami__/224115168378,2025-12-19 00:00:00+09
467,TZ,우간다 지도 도로 철도 여행지도 환율 시간,https://blog.naver.com/allmaps/224115493560,2025-12-19 00:00:00+09
468,TZ,아프리카 신혼 여행 아모트래블 내돈내산 후기 (탄자니아... ,https://blog.naver.com/treekidkim/224115198509,2025-12-19 00:00:00+09
469,TW,주택매매 (장흥군 관산읍 신동리 200 대지(대) 489㎡ / 1... ,https://blog.naver.com/jhdebakre7942/224115446128,2025-12-19 00:00:00+09
470,TW,2025년 직장인을 위한 땡처리해외여행 5가지 꿀팁,https://dwqn.tistory.com/276,2025-12-19 00:00:00+09
471,TW,6월 항공권 특가 | 6월 베트남 날씨 | 다낭6월날씨 | 6월여행총... ,https://okayer.tistory.com/1153,2025-12-19 00:00:00+09
472,TW,"매콤달콤 칠리가지튀김, 미식의 새로운 지평",https://blog.naver.com/cginloohzh66157/224115275957,2025-12-19 00:00:00+09
485,CY,셀러브리티 북유럽 지중해 크루즈 카나리아 제도 여행,https://blog.naver.com/happylt/224115430020,2025-12-19 00:00:00+09
494,MU,모리셔스 신혼여행으로 좋을까? 위치 항공권 날씨 비행시간... ,https://blog.naver.com/dennis0525/224115433698,2025-12-19 00:00:00+09
500,AE,두바이 데이라 호텔 추천 TOP 7 | 완벽한 여행을 꿈꾸는 당신을... ,https://blog.naver.com/stayinbloom/224115185118,2025-12-19 00:00:00+09
